dates,actual,multilstm,unilstm,combined,Prophet,linear_regression
01-07-2018 00:00,50,65.51546827,50.09466,29.868502,11.2414676,53.02952552
01-07-2018 01:00,29,51.41561074,36.078983,15.348757,6.187067921,51.50095818
01-07-2018 02:00,4,45.5321298,31.597067,6.8979263,4.33296998,51.36598698
01-07-2018 03:00,2,46.48354143,23.88052,5.5225925,4.463289039,51.36598698
01-07-2018 04:00,22,56.57461669,21.465666,10.2586565,7.183476892,51.36598698
01-07-2018 05:00,48,68.08117725,37.604965,23.954115,16.57619906,61.3820107
01-07-2018 06:00,104,76.70697778,77.11467,69.237076,44.91000103,111.2102897
01-07-2018 07:00,246,111.4513569,171.84485,141.9026,115.6458495,167.3457188
01-07-2018 08:00,300,231.108343,424.11795,357.03134,248.0183534,330.4256249
01-07-2018 09:00,382,377.4397539,563.6336,418.0974,427.6948908,546.4221715
01-07-2018 10:00,456,493.7836632,584.7495,431.4888,602.777,608.5205974
01-07-2018 11:00,548,499.5112748,569.99426,470.88953,709.1177201,654.6077176
01-07-2018 12:00,450,503.2649752,591.7877,496.86887,713.4925571,654.6077176
01-07-2018 13:00,442,439.6319501,460.63016,410.78687,649.4545122,644.5315359
01-07-2018 14:00,380,417.6680085,414.1739,384.74564,586.6549567,790.7300906
01-07-2018 15:00,381,491.4536621,380.1712,370.99017,569.969024,797.2332452
01-07-2018 16:00,366,585.9706669,422.2808,358.79895,596.0802045,799.2688232
01-07-2018 17:00,383,572.0517075,455.61865,363.96838,607.8513433,799.5770716
01-07-2018 18:00,477,463.1613335,447.65988,390.18842,525.608324,686.0857855
01-07-2018 19:00,431,362.2928683,433.81287,425.33023,354.2409954,589.6469956
01-07-2018 20:00,315,217.2195566,334.935,296.9267,190.8189069,357.7689055
01-07-2018 21:00,115,124.0775554,207.83122,173.09514,91.12349098,237.3362041
01-07-2018 22:00,52,54.97923933,72.27639,40.267643,42.70874029,118.3137659
01-07-2018 23:00,17,19.31413233,17.818087,25.205915,20.6399843,114.7202654
02-07-2018 00:00,8,2.263494842,0.20934266,13.944994,10.50915142,28.88788443
02-07-2018 01:00,6,-1.909355223,-0.9603531,8.437189,5.988398289,27.3593171
02-07-2018 02:00,2,1.586410105,2.3035946,3.218936,4.344347216,27.3593171
02-07-2018 03:00,2,6.026781648,4.034817,3.7426383,4.636716365,27.3593171
02-07-2018 04:00,13,22.10876953,6.2808623,10.206855,7.73180102,27.3593171
02-07-2018 05:00,19,54.54977062,18.275633,29.565649,18.47843226,37.37534083
02-07-2018 06:00,69,101.7784303,38.562454,70.07491,51.81700419,84.53413919
02-07-2018 07:00,182,221.5351088,118.15659,136.02892,137.9738683,147.0082082
02-07-2018 08:00,372,546.3545385,318.5186,356.88025,305.6005213,372.0024998
02-07-2018 09:00,741,952.0907485,608.8957,595.0424,543.4458496,732.5866561
02-07-2018 10:00,1125,1308.315724,959.8065,845.4667,788.4390854,1035.408329
02-07-2018 11:00,1579,1442.136685,1160.7067,1061.6967,952.9118053,1109.332793
02-07-2018 12:00,1330,1648.532132,1432.0282,1313.456,982.845401,1109.332793
02-07-2018 13:00,1412,1272.980146,1208.7778,1105.964,914.8686808,1091.476847
02-07-2018 14:00,1511,1357.456628,1296.9598,1129.0697,842.9166544,1053.666178
02-07-2018 15:00,1202,1416.478729,1406.3081,1323.414,833.0258719,1057.866663
02-07-2018 16:00,1578,1319.978814,1286.4966,1192.8103,883.6461204,1058.2078
02-07-2018 17:00,1917,1579.15969,1498.7247,1394.8901,911.2938692,1058.2078
02-07-2018 18:00,1164,1560.661341,1364.2373,1605.7124,794.5186612,867.5077851
02-07-2018 19:00,939,824.8428598,628.7776,839.83386,538.2699839,615.5376819
02-07-2018 20:00,500,520.262934,538.61145,448.20584,290.5755367,324.4052567
02-07-2018 21:00,236,231.3586626,198.9765,226.26129,138.6411291,195.5008484
02-07-2018 22:00,108,112.0333102,123.1543,88.99822,64.73124282,74.04012393
02-07-2018 23:00,70,71.05526796,70.667435,35.446953,31.07342724,68.06950995
03-07-2018 00:00,18,47.74947267,60.217567,25.253006,15.67201323,29.55807474
03-07-2018 01:00,5,37.95961576,42.269157,14.699152,8.822641196,28.02950741
03-07-2018 02:00,8,35.67230454,29.99056,9.350126,6.307624818,28.02950741
03-07-2018 03:00,3,37.15739185,29.703789,11.013454,6.619215548,28.02950741
03-07-2018 04:00,10,55.51466409,39.17763,19.495892,10.82978746,28.02950741
03-07-2018 05:00,22,88.00206997,63.635483,24.95594,25.34726857,38.04553114
03-07-2018 06:00,74,126.7205851,106.16645,92.16878,69.49443268,85.2043295
03-07-2018 07:00,150,280.2247705,225.28593,188.5285,180.6665678,150.4469193
03-07-2018 08:00,412,557.889301,426.6722,377.32,390.2479363,375.2372278
03-07-2018 09:00,797,851.0484692,824.42883,769.09064,676.1830541,732.5866561
03-07-2018 10:00,1245,1153.771956,1151.1935,1020.91815,955.2755669,1035.408329
03-07-2018 11:00,1347,1325.374689,1420.9867,1309.8737,1123.859901,1106.579157
03-07-2018 12:00,1255,1275.311674,1392.4496,1373.4723,1128.247644,1106.579157
03-07-2018 13:00,1269,1141.10478,1259.655,1201.446,1022.376116,1088.72321
03-07-2018 14:00,1036,1122.483511,1218.3749,1135.007,917.383495,1020.327725
03-07-2018 15:00,1180,1029.44568,1057.8217,1076.2168,883.5372619,1024.52821
03-07-2018 16:00,1360,1210.384351,1285.6528,1216.0842,914.1743018,1024.869348
03-07-2018 17:00,1255,1284.62912,1435.2345,1411.4008,920.5963386,1024.869348
03-07-2018 18:00,1015,1089.009985,1144.1409,1165.5786,784.7568762,864.7541485
03-07-2018 19:00,1198,764.6667591,731.8735,787.3663,520.5797494,612.7840453
03-07-2018 20:00,547,574.9095076,688.37115,491.0456,275.6162203,322.8369621
03-07-2018 21:00,164,241.6002413,206.92989,202.11848,129.1980588,195.5008484
03-07-2018 22:00,93,105.4993471,92.11345,78.83324,59.37484514,74.04012393
03-07-2018 23:00,76,61.14962094,56.685806,48.19758,28.10899148,68.06950995
04-07-2018 00:00,16,39.18912332,58.88336,26.025696,14.00932428,22.45312738
04-07-2018 01:00,15,29.76898521,43.44887,13.021089,7.80928244,20.92456004
04-07-2018 02:00,7,27.58451369,34.28758,7.1751995,5.539706398,20.92456004
04-07-2018 03:00,13,28.09204604,28.300661,9.633405,5.779869807,20.92456004
04-07-2018 04:00,28,43.41928283,34.209393,13.74112,9.420809193,20.92456004
04-07-2018 05:00,34,71.7807181,58.052254,31.10893,22.00880354,30.94058377
04-07-2018 06:00,171,105.0481361,88.70936,96.6322,60.34169679,78.09938214
04-07-2018 07:00,146,252.4544622,256.9349,242.6145,157.1481507,140.5734512
04-07-2018 08:00,383,499.3029951,340.07962,337.88242,340.6015001,351.7305193
04-07-2018 09:00,739,753.6379191,700.3502,753.8089,593.0577711,650.2075149
04-07-2018 10:00,1037,1031.538137,1091.8619,1028.3761,843.094596,879.2193007
04-07-2018 11:00,1096,1109.125289,1182.4569,1132.6759,999.2948622,910.5544623
04-07-2018 12:00,1125,1072.52542,1138.3973,1032.7938,1011.731903,910.5544623
04-07-2018 13:00,1154,1026.02091,1107.8916,977.3434,925.3812921,890.0508723
04-07-2018 14:00,1211,999.883489,1087.9017,975.77734,838.6897275,822.1940044
04-07-2018 15:00,1070,1101.323341,1162.1512,1116.3683,816.2592031,826.3944891
04-07-2018 16:00,979,1087.766085,1154.0565,1029.8529,853.7265801,826.735627
04-07-2018 17:00,1851,1017.643985,1101.5753,996.69995,869.1644939,826.735627
04-07-2018 18:00,896,1397.159478,1511.9976,1393.4668,749.0177168,702.210618
04-07-2018 19:00,835,621.7462909,499.7868,736.9781,502.2014297,475.3066317
04-07-2018 20:00,403,445.0645606,564.6342,394.67764,268.6402179,283.9369792
04-07-2018 21:00,152,203.6307244,165.32928,149.49445,127.1677834,162.8569218
04-07-2018 22:00,126,93.51250678,97.63181,67.29197,58.97947494,65.67795807
04-07-2018 23:00,88,53.45950063,76.07284,37.87219,28.15743106,61.04532442
05-07-2018 00:00,15,33.65391819,69.11204,23.72655,14.1397904,20.93803933
05-07-2018 01:00,4,25.16066074,44.5583,12.458009,7.934282618,19.82317762
05-07-2018 02:00,6,22.99674477,28.59055,9.20859,5.660028887,19.82317762
05-07-2018 03:00,14,23.048371,24.041538,12.48976,5.932392165,19.82317762
05-07-2018 04:00,19,37.49365371,33.61291,21.289932,9.703144889,19.82317762
05-07-2018 05:00,24,64.46915746,53.42001,39.28046,22.72281401,29.83920135
05-07-2018 06:00,160,96.40357554,78.87657,80.183846,62.38177398,76.99799971
05-07-2018 07:00,171,227.0663076,253.96527,195.88033,162.5059484,138.6585486
05-07-2018 08:00,383,476.3612199,383.16684,305.00037,351.9582786,346.552148
05-07-2018 09:00,846,738.3085927,698.28265,674.31287,611.8116695,606.082462
05-07-2018 10:00,1106,1098.268075,1187.7798,946.5106,867.5565725,820.8669673
05-07-2018 11:00,1105,1152.191655,1203.7045,1096.0555,1024.895328,856.6773957
05-07-2018 12:00,980,1072.090864,1137.6422,1091.7096,1033.530842,856.6773957
05-07-2018 13:00,956,930.3766519,978.21436,902.55756,941.0380145,836.1738058
05-07-2018 14:00,988,875.0855914,924.00214,822.57983,848.6422213,779.4610845
05-07-2018 15:00,1057,951.4850613,987.0527,916.2616,821.5829262,783.6615693
05-07-2018 16:00,920,1040.87102,1125.134,991.39496,854.5977502,784.0027072
05-07-2018 17:00,940,938.6241353,1008.81445,966.99066,865.2496809,784.0027072
05-07-2018 18:00,764,830.6931031,850.0134,809.78265,741.5870152,656.8634119
05-07-2018 19:00,665,600.6408121,542.7483,672.5986,494.6164805,459.1127473
05-07-2018 20:00,384,351.892046,387.4584,363.9377,263.2851383,279.2461662
05-07-2018 21:00,192,187.4919508,195.01085,118.41481,124.0772754,158.1661088
05-07-2018 22:00,137,95.09929869,103.299065,60.535664,57.32160828,64.14999618
05-07-2018 23:00,47,55.05145207,75.46521,40.076157,27.27709176,59.51736252
06-07-2018 00:00,16,33.46289702,47.03274,17.344648,13.66338513,19.53128801
06-07-2018 01:00,4,24.73993743,30.361567,14.121697,7.653984586,18.41642629
06-07-2018 02:00,4,22.69571217,20.68195,3.2663522,5.455599278,18.41642629
06-07-2018 03:00,3,22.55133828,19.318636,1.6956786,5.718668999,18.41642629
06-07-2018 04:00,10,34.78345733,24.825348,7.5849175,9.363259232,18.41642629
06-07-2018 05:00,49,57.63258804,40.058678,28.518667,21.97036862,28.16023265
06-07-2018 06:00,185,87.56252985,89.74126,64.84523,60.49233152,73.89785655
06-07-2018 07:00,155,205.7010569,282.28455,191.45705,158.1879987,125.9905953
06-07-2018 08:00,398,426.4851862,350.9806,317.74765,344.2162222,311.7760809
06-07-2018 09:00,709,688.6864078,676.70496,718.46136,601.6451406,544.3702859
06-07-2018 10:00,813,951.9887963,964.01495,961.7269,858.4496195,749.5771839
06-07-2018 11:00,1075,909.8481733,898.98016,868.1895,1021.083237,785.3183318
06-07-2018 12:00,943,1024.400241,1072.2477,964.16174,1037.270764,785.3183318
06-07-2018 13:00,970,869.3537283,907.5719,806.9872,951.7697082,764.8147418
06-07-2018 14:00,810,854.6002877,929.29016,814.126,865.1987443,717.7489085
06-07-2018 15:00,772,829.390921,859.59973,793.2721,844.4172845,721.9493932
06-07-2018 16:00,875,835.2816975,882.28674,765.99963,885.4498126,722.2905311
06-07-2018 17:00,903,851.971488,892.6071,885.5894,903.5535515,722.2905311
06-07-2018 18:00,686,763.1568751,757.20886,716.16095,780.2411434,595.1512358
06-07-2018 19:00,673,557.4911094,476.9413,558.1777,524.0388575,454.0339494
06-07-2018 20:00,380,356.7678404,378.23367,324.79077,280.7073445,279.2461662
06-07-2018 21:00,132,194.9733063,189.21628,156.97586,133.0113222,158.1661088
06-07-2018 22:00,123,94.39928502,75.40739,55.83234,61.72410067,64.14999618
06-07-2018 23:00,73,52.1762953,61.285183,36.920685,29.47025942,59.51736252
07-07-2018 00:00,18,32.2530292,50.907074,12.466677,14.79265362,16.13033216
07-07-2018 01:00,10,21.76795181,33.365433,6.357105,8.292359292,15.01547044
07-07-2018 02:00,5,17.09584527,23.903057,1.1661667,5.905973179,15.01547044
07-07-2018 03:00,4,13.92686374,21.152822,2.8521144,6.176183951,15.01547044
07-07-2018 04:00,5,22.56373663,25.15917,2.7553835,10.07201306,15.01547044
07-07-2018 05:00,29,41.48546629,35.085247,17.744265,23.49939648,24.7592768
07-07-2018 06:00,197,66.45602942,70.25057,51.652004,64.2249029,69.97600473
07-07-2018 07:00,148,170.5283648,298.9936,222.27441,166.4220898,120.9075608
07-07-2018 08:00,352,368.3758269,353.20062,262.246,358.2285902,300.4707275
07-07-2018 09:00,676,603.5819076,604.1094,658.3567,618.3501529,537.1927767
07-07-2018 10:00,884,885.8731306,911.27905,844.5922,869.9096518,737.7430593
07-07-2018 11:00,920,929.128294,967.69635,874.18115,1018.643439,771.1175672
07-07-2018 12:00,876,878.9434317,929.40186,854.8814,1017.272419,771.1175672
07-07-2018 13:00,876,792.1850348,850.5567,785.4084,916.428804,750.6139773
07-07-2018 14:00,809,754.6581021,838.0672,747.48486,816.9701603,689.7847908
07-07-2018 15:00,788,752.0890704,843.4655,762.6323,781.1690248,693.9852755
07-07-2018 16:00,827,798.2506573,880.262,765.3696,801.869198,694.3264134
07-07-2018 17:00,812,804.7827837,853.21094,830.45404,800.5454965,694.3264134
07-07-2018 18:00,680,707.1843442,695.9739,709.059,676.0627935,574.4005063
07-07-2018 19:00,574,509.080918,473.49643,624.79504,443.995803,437.6773412
07-07-2018 20:00,400,281.9958091,327.012,277.62082,232.5728002,268.4661625
07-07-2018 21:00,170,154.206139,201.71289,131.86844,107.8003926,149.5464105
07-07-2018 22:00,190,68.15171314,92.48361,56.111256,48.96161356,57.47141392
07-07-2018 23:00,48,45.45914829,89.34708,43.592632,22.89828604,52.83878026
08-07-2018 00:00,14,29.95021876,49.035515,16.711554,11.27034995,11.89364831
08-07-2018 01:00,7,20.9006869,27.128752,10.856264,6.202964162,10.77878659
08-07-2018 02:00,13,15.98148029,18.703775,0.37954512,4.344102545,10.64381538
08-07-2018 03:00,10,13.05763822,21.898172,4.7929735,4.474756428,10.64381538
08-07-2018 04:00,6,20.77473253,28.688038,9.612457,7.201933175,10.64381538
08-07-2018 05:00,28,33.59168913,35.794365,19.890173,16.61878777,20.38762174
08-07-2018 06:00,78,47.31418917,66.308525,48.437263,45.02538689,64.87888171
08-07-2018 07:00,140,85.3297084,157.71802,111.96063,115.9429748,105.7965155
08-07-2018 08:00,293,185.2253912,308.6655,260.38968,248.6555792,195.3269443
08-07-2018 09:00,386,334.4759592,549.161,439.74954,428.7937539,361.8642304
08-07-2018 10:00,497,462.1442463,584.5818,458.95996,604.3256961,419.781944
08-07-2018 11:00,441,482.5552115,601.5243,551.99316,710.9396341,432.642074
08-07-2018 12:00,481,423.9663464,479.865,424.023,715.3257113,432.642074
08-07-2018 13:00,432,398.5332213,461.11676,425.7956,651.1231354,421.3914065
08-07-2018 14:00,380,361.1989661,416.88647,371.7884,588.162231,409.7497923
08-07-2018 15:00,331,356.8867572,407.16412,388.1587,571.4334276,413.9502771
08-07-2018 16:00,394,365.6128383,414.2032,371.96338,597.6116948,414.291415
08-07-2018 17:00,439,386.4969528,450.009,425.68463,609.4130768,414.5996634
08-07-2018 18:00,448,379.7579087,434.37897,427.07788,526.9587531,394.0795735
08-07-2018 19:00,429,337.3623638,361.03253,454.7641,355.1511357,380.2960183
08-07-2018 20:00,318,220.9568084,275.8272,257.41483,191.309172,229.9450133
08-07-2018 21:00,135,126.9172869,176.62291,160.70137,91.35761172,118.248656
08-07-2018 22:00,72,57.07190223,72.17761,58.0386,42.81847052,32.77453777
08-07-2018 23:00,23,30.79302751,29.61473,37.361618,20.69301396,29.57456632
09-07-2018 00:00,17,18.00361246,11.031554,15.042333,10.53615226,17.47307754
09-07-2018 01:00,14,13.78517281,10.101048,8.627647,6.003784094,16.35821582
09-07-2018 02:00,5,11.99739153,13.793645,3.2707686,4.355509011,16.35821582
09-07-2018 03:00,4,9.903928898,13.9896555,2.562283,4.648629336,16.35821582
09-07-2018 04:00,8,16.97669631,14.865475,8.111199,7.751666095,16.35821582
09-07-2018 05:00,10,31.68586819,21.576178,22.616167,18.52590832,26.10202218
09-07-2018 06:00,152,49.69320066,35.544765,47.941124,51.950136,71.31875012
09-07-2018 07:00,151,131.1998388,213.20908,187.77074,138.3283603,122.1298462
09-07-2018 08:00,307,330.3683153,317.84277,300.0862,306.3856912,291.2681136
09-07-2018 09:00,732,577.5900264,520.9988,640.6053,544.8421081,553.8375199
09-07-2018 10:00,916,916.9069842,961.70917,970.4131,790.4647973,745.0157131
09-07-2018 11:00,1035,962.6285666,979.6654,1014.65936,955.3600918,798.9966201
09-07-2018 12:00,841,980.5424446,1015.91986,1002.24664,985.370595,798.9966201
09-07-2018 13:00,879,807.8532389,825.0126,812.7718,917.2192243,781.1406735
09-07-2018 14:00,830,796.2834328,830.7428,804.8514,845.0823339,728.9878823
09-07-2018 15:00,854,800.2641112,847.34393,865.3149,835.1661392,733.188367
09-07-2018 16:00,931,861.9316867,925.7526,905.5928,885.9164448,733.5295049
09-07-2018 17:00,952,891.265538,934.0504,966.2542,913.6352281,733.5295049
09-07-2018 18:00,726,811.0675004,796.20715,838.42523,796.5599932,597.8333022
09-07-2018 19:00,608,576.5106533,506.42914,652.6635,539.6529441,467.9092431
09-07-2018 20:00,343,331.3686857,352.25015,315.99573,291.3221033,273.0457667
09-07-2018 21:00,135,175.7315931,177.34743,161.66496,138.9973355,151.7028259
09-07-2018 22:00,87,86.23352855,77.15476,51.612007,64.89755478,62.52498702
09-07-2018 23:00,58,52.75188182,50.531166,29.495066,31.15326323,56.55437304
10-07-2018 00:00,11,36.66107114,42.282665,17.885418,15.71227884,18.02201528
10-07-2018 01:00,6,30.18727839,27.117231,9.711334,8.845308933,17.02840613
10-07-2018 02:00,7,28.63912618,19.414722,3.0153618,6.323830802,17.02840613
10-07-2018 03:00,5,28.93899789,20.528025,6.556438,6.636222091,17.02840613
10-07-2018 04:00,5,40.01207304,26.95129,15.435024,10.85761209,17.02840613
10-07-2018 05:00,21,58.83479912,37.715347,30.198448,25.41239252,26.77221249
10-07-2018 06:00,138,80.45373863,68.92055,78.487595,69.67298256,71.98894042
10-07-2018 07:00,106,186.756842,247.42326,205.94653,181.1307488,125.5685573
10-07-2018 08:00,279,384.5139195,295.9944,263.93094,391.2505882,294.5028416
10-07-2018 09:00,664,593.6117613,510.6342,544.01715,677.9203501,553.8375199
10-07-2018 10:00,824,874.4710711,917.48883,866.9324,957.7299266,745.0157131
10-07-2018 11:00,870,894.0387219,912.99915,901.9867,1126.747399,797.5483947
10-07-2018 12:00,926,865.9268117,887.2227,870.89575,1131.146416,797.5483947
10-07-2018 13:00,886,840.9593236,882.28815,826.84015,1025.002875,779.692448
10-07-2018 14:00,818,779.3161011,846.9306,759.7598,919.7404997,727.5396568
10-07-2018 15:00,796,786.6613689,855.01166,777.39355,885.8073066,731.7401416
10-07-2018 16:00,1163,820.6970766,886.27185,836.89136,916.5230613,732.0812795
10-07-2018 17:00,1742,999.4261485,1065.4185,1116.0854,922.961598,732.0812795
10-07-2018 18:00,1213,1250.427069,1225.186,1309.8005,786.7731276,596.3850767
10-07-2018 19:00,616,803.6816993,670.3834,784.11554,521.9172587,466.4610177
10-07-2018 20:00,390,356.1259539,323.6221,287.87894,276.3243524,272.7828833
10-07-2018 21:00,165,198.0517897,173.85963,166.64886,129.5300033,151.7028259
10-07-2018 22:00,72,97.57776007,78.48181,70.73821,59.52739507,62.52498702
10-07-2018 23:00,60,53.33523858,52.890633,32.70459,28.18121103,56.55437304
11-07-2018 00:00,21,31.83664504,53.661015,17.668129,14.045318,15.79326387
11-07-2018 01:00,10,23.14155206,44.97438,11.145435,7.829346585,14.79965472
11-07-2018 02:00,10,21.16364736,36.302986,5.984845,5.553939393,14.79965472
11-07-2018 03:00,6,21.57097654,33.61546,7.5549407,5.794719846,14.79965472
11-07-2018 04:00,5,34.07745345,36.43789,11.730133,9.445013784,14.79965472
11-07-2018 05:00,28,56.13651093,45.66482,24.58786,22.06535008,24.54346108
11-07-2018 06:00,165,82.90889442,83.28948,75.104904,60.49673083,69.76018902
11-07-2018 07:00,122,198.6813346,294.91132,223.62016,157.5519065,116.4970476
11-07-2018 08:00,275,409.8911153,354.87393,293.78088,341.4765969,271.9385807
11-07-2018 09:00,629,615.304931,542.4376,618.9142,594.5814959,525.8883564
11-07-2018 10:00,908,871.3248327,914.33014,840.0728,845.2607326,690.7878108
11-07-2018 11:00,1032,968.0625805,1050.2268,962.28705,1001.862319,738.7495218
11-07-2018 12:00,954,982.4215856,1072.0692,987.67413,1014.331315,738.7495218
11-07-2018 13:00,869,871.6760933,949.79315,886.56525,927.7588454,718.2459319
11-07-2018 14:00,756,785.0237763,846.37775,764.3333,840.8445468,679.2934733
11-07-2018 15:00,855,773.8134035,783.58057,767.38885,818.3563924,683.4939581
11-07-2018 16:00,870,852.8418383,926.0996,848.2547,855.9200331,683.8350959
11-07-2018 17:00,865,843.2806155,960.7523,924.08136,871.3976111,683.8350959
11-07-2018 18:00,647,740.199126,831.4004,800.96185,750.9421446,563.9270886
11-07-2018 19:00,557,526.1261792,515.4063,529.4265,503.4917202,434.0030296
11-07-2018 20:00,389,306.1854881,347.53464,247.15315,269.3304269,265.9592683
11-07-2018 21:00,132,176.6623305,204.47119,152.0994,127.4945116,144.8792109
11-07-2018 22:00,76,85.15945949,80.3037,61.46908,59.13100906,55.70137204
11-07-2018 23:00,61,45.72623121,47.35491,29.009672,28.22977506,51.06873839
12-07-2018 00:00,33,28.00007747,41.454136,16.435972,14.17611932,16.35299114
12-07-2018 01:00,9,22.28345048,34.541748,11.244477,7.954667923,15.35938199
12-07-2018 02:00,4,21.76683735,24.033758,6.082288,5.674571022,15.35938199
12-07-2018 03:00,9,22.28828495,18.47043,8.205062,5.947634075,15.35938199
12-07-2018 04:00,6,33.58662248,23.40165,19.11319,9.728074876,15.35938199
12-07-2018 05:00,27,53.18037022,31.747705,31.98139,22.78119503,25.10318834
12-07-2018 06:00,70,76.43906934,58.881973,76.61754,62.54204952,70.31991628
12-07-2018 07:00,143,157.9781351,129.44562,119.24569,162.9234698,117.0567749
12-07-2018 08:00,262,347.2453347,277.2677,305.99854,352.862554,263.5412142
12-07-2018 09:00,585,555.301695,493.44144,582.9067,613.3835781,509.780703
12-07-2018 10:00,910,799.5324489,867.502,867.9807,869.7855585,677.3639733
12-07-2018 11:00,953,936.5001437,1040.2363,988.4191,1027.52856,724.6374108
12-07-2018 12:00,930,905.614967,959.1904,939.24713,1036.186261,724.6374108
12-07-2018 13:00,859,836.4268649,904.85315,830.88837,943.4557941,704.1338209
12-07-2018 14:00,770,757.4017322,827.1491,752.9123,850.8226113,656.0378398
12-07-2018 15:00,829,767.3412928,800.68787,773.5782,823.6937936,660.2383246
12-07-2018 16:00,850,823.3564207,887.52344,831.2523,856.7934415,660.5794624
12-07-2018 17:00,748,810.9542385,870.6739,893.6891,867.4727399,660.5794624
12-07-2018 18:00,759,662.680534,672.6804,699.38043,743.4923515,547.5241996
12-07-2018 19:00,600,550.3935814,530.84235,535.4126,495.8872832,417.6001405
12-07-2018 20:00,326,325.1829493,344.09186,275.61954,263.9615886,262.809027
12-07-2018 21:00,177,172.6537288,172.30952,124.225586,124.3960633,141.7289696
12-07-2018 22:00,119,89.667782,90.64735,63.32291,57.4688829,52.84636639
12-07-2018 23:00,42,50.50748238,63.49939,35.128113,27.34717394,48.21373274
13-07-2018 00:00,18,30.01291733,39.421497,15.940184,13.69849004,16.09543873
13-07-2018 01:00,9,21.75402109,26.574583,9.301606,7.67364973,15.10182958
13-07-2018 02:00,5,19.93292473,20.287937,5.438771,5.469616179,15.10182958
13-07-2018 03:00,6,19.89756649,19.09442,4.605848,5.733361797,15.10182958
13-07-2018 04:00,16,30.89151256,24.496563,10.980299,9.387315962,15.10182958
13-07-2018 05:00,34,51.51087625,40.91936,28.683462,22.02681641,24.84563594
13-07-2018 06:00,142,76.81707177,74.22129,61.14085,60.64775258,70.06236387
13-07-2018 07:00,118,166.7575451,226.65279,158.35825,158.5944262,116.5770674
13-07-2018 08:00,342,347.6082765,288.0065,264.40613,345.1006062,260.8284856
13-07-2018 09:00,611,583.2286465,593.18195,579.227,603.1909286,505.9228291
13-07-2018 10:00,796,821.8811262,853.31604,823.08234,860.6552073,672.1182022
13-07-2018 11:00,888,862.6814279,891.5956,840.75555,1023.706674,722.9781527
13-07-2018 12:00,838,857.1912783,899.1034,839.3714,1039.935792,722.9781527
13-07-2018 13:00,839,773.4945035,814.17084,750.339,954.2150604,702.4745628
13-07-2018 14:00,820,731.6532156,802.7136,718.2737,867.4216724,653.6812943
13-07-2018 15:00,819,782.1676272,834.8535,780.38043,846.5868195,657.8817791
13-07-2018 16:00,899,813.4289953,886.5703,831.03064,887.7247711,658.2229169
13-07-2018 17:00,823,824.2972708,894.67163,843.78204,905.8750234,658.2229169
13-07-2018 18:00,706,689.4832864,704.15753,680.3818,782.2457926,544.811471
13-07-2018 19:00,526,531.0905111,492.09097,562.1141,525.3852542,414.887412
13-07-2018 20:00,467,304.2430706,303.65146,261.85236,281.4285571,261.7555565
13-07-2018 21:00,325,195.4426788,232.86993,164.73584,133.3530641,140.6754991
13-07-2018 22:00,168,121.1574798,157.79369,82.2868,61.88268648,51.79289588
13-07-2018 23:00,43,71.54654264,93.93871,39.176453,29.54597644,47.16026222
14-07-2018 00:00,4,42.87559766,43.5814,17.622736,14.83065992,8.587244516
14-07-2018 01:00,1,26.36752056,20.32717,10.301739,8.313664592,7.593635366
14-07-2018 02:00,4,17.65339408,13.997581,6.0897174,5.921147212,7.593635366
14-07-2018 03:00,7,12.32411342,16.511606,4.87954,6.192052228,7.593635366
14-07-2018 04:00,18,19.56261516,24.80015,9.0614195,10.09789076,7.593635366
14-07-2018 05:00,59,38.28648727,42.862984,26.215548,23.55977275,17.33744172
14-07-2018 06:00,135,65.35731329,96.519325,65.6307,64.38991394,60.874079
14-07-2018 07:00,143,150.9983166,228.51297,171.57999,166.8496728,104.8969407
14-07-2018 08:00,286,326.9537403,321.54453,309.7029,359.1489757,247.0956099
14-07-2018 09:00,507,528.4743832,522.95605,542.4316,619.9388606,492.1899533
14-07-2018 10:00,819,724.318597,733.51624,696.376,872.1446835,660.5606905
14-07-2018 11:00,865,852.8065059,945.138,855.8956,1021.260608,709.054001
14-07-2018 12:00,803,820.2272707,889.9325,830.1807,1019.886065,709.054001
14-07-2018 13:00,741,724.8063993,797.3838,762.2247,918.783356,688.5504111
14-07-2018 14:00,674,649.3543011,720.76984,670.02826,819.0691762,611.5214902
14-07-2018 15:00,627,642.4693869,700.0121,654.43256,783.176058,615.721975
14-07-2018 16:00,700,658.6282001,724.08606,657.0026,803.9294155,616.0631129
14-07-2018 17:00,676,676.7073481,761.5917,714.1544,802.602313,616.0631129
14-07-2018 18:00,587,593.6932819,648.0784,612.4483,677.7997805,526.3741705
14-07-2018 19:00,519,438.1874064,461.26578,481.8095,445.1365476,397.8116318
14-07-2018 20:00,322,256.5614457,322.91464,278.12988,233.1703422,246.9436507
14-07-2018 21:00,158,134.6012261,178.16917,142.24432,108.0773607,128.0238987
14-07-2018 22:00,70,61.94090148,86.03249,54.0003,49.0874091,40.11755993
14-07-2018 23:00,35,33.97521742,42.086052,26.459871,22.95711789,35.48492627
15-07-2018 00:00,7,20.8196101,26.402632,12.327441,11.29930651,6.615512256
15-07-2018 01:00,5,14.32581386,16.159819,7.7668324,6.218901244,5.621903105
15-07-2018 02:00,7,11.41895695,12.932081,3.8384094,4.355263712,5.486931896
15-07-2018 03:00,3,10.00889948,15.51381,4.0066514,4.48625328,5.486931896
15-07-2018 04:00,14,18.13566539,19.38683,9.734324,7.220436877,5.486931896
15-07-2018 05:00,23,31.48800548,33.441257,24.3016,16.6614859,15.23073825
15-07-2018 06:00,39,45.12251494,56.799892,46.7722,45.14106921,58.04190757
15-07-2018 07:00,139,75.65213311,101.111595,75.59502,116.2408635,96.70573103
15-07-2018 08:00,230,166.1382471,273.88168,196.00446,249.2944422,176.5618356
15-07-2018 09:00,327,291.0641113,447.94998,401.07874,429.8954403,313.4310707
15-07-2018 10:00,425,402.7522698,512.535,426.18924,605.8783713,370.614664
15-07-2018 11:00,522,429.0345705,528.4118,470.3875,712.7662291,383.6849937
15-07-2018 12:00,505,436.1934349,554.6942,468.9853,717.1635753,383.6849937
15-07-2018 13:00,451,408.152107,503.06616,450.50208,652.7960457,372.4343263
15-07-2018 14:00,467,367.4394347,448.26813,409.3498,589.6733778,355.5587656
15-07-2018 15:00,426,388.2095443,476.94998,430.5995,572.9015937,359.7592504
15-07-2018 16:00,442,412.8788529,492.59412,432.11386,599.1471199,360.1003883
15-07-2018 17:00,439,422.0872054,491.85074,442.59964,610.9788228,360.4086367
15-07-2018 18:00,471,385.7473767,428.63766,430.4117,528.3126517,345.4837966
15-07-2018 19:00,410,329.0072733,359.0289,384.3056,356.0636145,352.8485714
15-07-2018 20:00,260,207.6193278,260.95407,235.60559,191.8006967,219.3305687
15-07-2018 21:00,130,111.4706948,147.98134,124.374504,91.59233398,107.6342114
15-07-2018 22:00,57,49.93825756,67.03217,49.952885,42.92848268,23.46785569
15-07-2018 23:00,29,25.88987734,27.20322,26.108341,20.74617988,20.26788424
16-07-2018 00:00,4,14.86914301,14.699358,12.981453,10.56322247,15.31124613
16-07-2018 01:00,7,11.09121863,7.7103457,4.946645,6.019209429,14.31763698
16-07-2018 02:00,2,9.263027925,8.737608,2.416516,4.366699485,14.31763698
16-07-2018 03:00,3,7.310317196,10.041022,2.4218924,4.660572914,14.31763698
16-07-2018 04:00,27,14.48105371,13.375305,10.634817,7.771582208,14.31763698
16-07-2018 05:00,40,30.15453087,35.346123,31.756529,18.57350636,24.06144334
16-07-2018 06:00,127,50.49168907,68.49191,69.234825,52.08360986,67.59808062
16-07-2018 07:00,95,125.81127,194.83592,175.63448,138.683763,111.6209423
16-07-2018 08:00,286,295.9119204,231.38635,225.4958,307.1728783,259.761908
16-07-2018 09:00,577,527.3654976,477.08905,488.47012,546.2419539,512.9860645
16-07-2018 10:00,861,786.796177,788.3334,769.4879,792.4957139,706.3746349
16-07-2018 11:00,968,906.1302593,943.4362,928.376,957.8146687,765.1684448
16-07-2018 12:00,964,914.9586642,949.183,916.0841,987.9022769,765.1684448
16-07-2018 13:00,1024,859.8856246,910.6137,877.88684,919.575807,747.3124981
16-07-2018 14:00,899,856.8048504,944.90216,853.4076,847.2535775,685.0540208
16-07-2018 15:00,858,839.956229,913.43524,831.1585,837.3119055,689.2545056
16-07-2018 16:00,878,865.3283066,933.9714,859.27814,888.1926023,689.5956434
16-07-2018 17:00,824,845.2432171,891.26587,881.8758,915.9826025,689.5956434
16-07-2018 18:00,636,712.091426,711.09314,721.80396,798.6065699,558.9946474
16-07-2018 19:00,587,498.7780441,458.53488,512.52246,541.0394576,429.0705884
16-07-2018 20:00,332,304.5337377,343.39297,290.0961,292.0705881,267.0202896
16-07-2018 21:00,180,165.4822338,178.33522,147.70964,139.354457,145.6773487
16-07-2018 22:00,71,88.09856344,98.96211,60.81883,65.06429404,57.5465179
16-07-2018 23:00,34,52.61898788,49.91619,29.023806,31.23330433,51.57590392
17-07-2018 00:00,18,34.34945339,31.336119,16.168379,15.75264791,15.98143644
17-07-2018 01:00,19,27.25714169,23.093987,8.091418,8.868034909,14.98782729
17-07-2018 02:00,1,26.12781409,22.873323,6.058327,6.340078423,14.98782729
17-07-2018 03:00,4,26.57807054,19.582129,3.639066,6.65327233,14.98782729
17-07-2018 04:00,9,37.18527909,24.359129,9.743623,10.88550822,14.98782729
17-07-2018 05:00,10,55.68203399,38.404922,25.346218,25.47768378,24.73163364
17-07-2018 06:00,101,76.04251841,56.6177,63.476074,69.85199118,68.26827093
17-07-2018 07:00,160,165.7889368,188.20923,164.88469,181.5961224,115.0596535
17-07-2018 08:00,279,367.5180246,351.40402,330.83395,392.2558161,262.996636
17-07-2018 09:00,578,578.9878455,521.94006,539.35425,679.6621097,512.9860645
17-07-2018 10:00,717,801.5724847,809.05676,754.5407,960.1905922,706.3746349
17-07-2018 11:00,880,812.2355348,811.3667,770.607,1129.642316,763.7202193
17-07-2018 12:00,943,847.3028177,886.62573,788.99414,1134.052635,763.7202193
17-07-2018 13:00,848,829.9280071,890.85095,820.9015,1027.636382,745.8642727
17-07-2018 14:00,767,743.8947508,823.6399,747.47284,922.1035603,683.6057953
17-07-2018 15:00,745,747.2375464,812.4281,746.1999,888.0831837,687.8062801
17-07-2018 16:00,737,769.0826538,829.5553,777.6708,918.8778554,688.147418
17-07-2018 17:00,834,739.8481131,766.43225,749.5708,925.3329344,688.147418
17-07-2018 18:00,649,686.721082,685.34357,692.79926,788.7945592,557.546422
17-07-2018 19:00,569,507.5732216,442.846,540.4312,523.2582045,427.622363
17-07-2018 20:00,359,306.8177985,318.2335,276.5937,277.034304,266.7574061
17-07-2018 21:00,135,172.9676035,178.33008,135.68274,129.8628007,145.6773487
17-07-2018 22:00,53,86.0120507,75.13232,54.86626,59.68033695,57.5465179
17-07-2018 23:00,21,46.50921524,36.22782,26.247835,28.25361614,51.57590392
18-07-2018 00:00,23,27.20586631,23.924324,13.892687,14.0814042,13.567713
18-07-2018 01:00,1,20.49427096,24.364391,8.926497,7.849462281,12.57410385
18-07-2018 02:00,3,19.35851458,19.096695,3.910385,5.568208956,12.57410385
18-07-2018 03:00,5,19.92487587,18.624851,5.310722,5.809608039,12.57410385
18-07-2018 04:00,23,30.68347011,24.780878,11.348937,9.469280563,12.57410385
18-07-2018 05:00,29,50.21649538,46.685444,28.426085,22.12204189,22.3179102
18-07-2018 06:00,139,72.6639311,73.47063,82.48651,60.65216319,65.85454748
18-07-2018 07:00,149,162.0895352,224.59236,208.8099,157.9566997,109.8774092
18-07-2018 08:00,320,350.7944289,329.64133,308.4386,342.3539421,257.8584178
18-07-2018 09:00,700,572.0833251,562.3235,564.8713,596.1091356,502.9527613
18-07-2018 10:00,890,856.2237638,949.76764,839.24774,847.4324346,672.1182022
18-07-2018 11:00,875,910.3929368,964.2004,903.90894,1004.436373,722.9781527
18-07-2018 12:00,919,839.491789,885.97565,845.8083,1016.937404,722.9781527
18-07-2018 13:00,927,808.6984107,876.3552,806.6477,930.1425072,702.4745628
18-07-2018 14:00,720,773.364566,875.5428,780.5705,843.0049024,650.6053252
18-07-2018 15:00,740,734.2539474,792.0749,720.9295,820.4589699,650.7516608
18-07-2018 16:00,838,761.5284458,833.84564,692.1264,858.1191217,650.7516608
18-07-2018 17:00,852,777.3165986,834.8667,790.7884,873.6364658,650.7516608
18-07-2018 18:00,586,692.4344121,701.7791,688.0044,752.8715168,529.2989923
18-07-2018 19:00,543,476.0178018,411.7939,427.86813,504.7853258,399.3749333
18-07-2018 20:00,300,290.3087153,306.79678,228.90279,270.0224091,246.0875433
18-07-2018 21:00,156,157.1011909,154.953,118.74214,127.8220793,130.2135113
18-07-2018 22:00,86,81.03934495,84.04353,47.546673,59.28293251,49.47803179
18-07-2018 23:00,56,44.98319739,52.16731,24.361895,28.30230494,44.84539813
19-07-2018 00:00,17,27.76436964,41.055534,15.289856,14.21254158,11.64122109
19-07-2018 01:00,3,21.22347724,27.819252,9.775157,7.975105603,10.64761194
19-07-2018 02:00,5,20.0074283,18.174868,6.5878286,5.68915052,10.64761194
19-07-2018 03:00,3,20.54347737,17.893806,7.3713026,5.962915146,10.64761194
19-07-2018 04:00,1,31.41825899,23.150463,13.762904,9.753068916,10.64761194
19-07-2018 05:00,26,50.26657891,30.907534,31.669151,22.83972604,20.39141829
19-07-2018 06:00,160,72.98114398,65.63003,88.696976,62.70273686,63.92805557
19-07-2018 07:00,114,162.006828,257.7675,222.58762,163.342064,107.9509173
19-07-2018 08:00,324,338.9488152,297.43457,267.19406,353.7691527,252.1788892
19-07-2018 09:00,579,563.1307614,561.3999,562.3903,614.9595254,497.2732327
19-07-2018 10:00,858,784.7790909,795.91077,747.62317,872.0202713,666.4386736
19-07-2018 11:00,953,887.0630413,946.3689,876.72534,1030.168557,717.2986241
19-07-2018 12:00,844,885.1620239,945.27954,874.7921,1038.848502,717.2986241
19-07-2018 13:00,861,770.2048716,824.5568,789.5463,945.8797856,696.7950342
19-07-2018 14:00,671,734.7115356,826.56885,736.12085,853.0086033,644.9257966
19-07-2018 15:00,778,704.4753861,745.0585,674.8033,825.8100843,645.0721321
19-07-2018 16:00,765,762.9278746,843.0994,738.34766,858.9947742,645.0721321
19-07-2018 17:00,724,733.275536,781.5593,750.9562,869.7015105,645.0721321
19-07-2018 18:00,592,616.5884975,620.22955,620.6966,745.4025832,523.6194637
19-07-2018 19:00,563,459.0534832,411.61127,472.5871,497.161351,393.6954047
19-07-2018 20:00,329,294.4693579,313.56412,246.2909,264.6397768,241.1716317
19-07-2018 21:00,124,166.563485,169.57776,113.41937,124.7156702,128.4178015
19-07-2018 22:00,72,83.84440955,71.8718,48.954678,57.61653591,47.68232197
19-07-2018 23:00,72,44.28205378,41.82761,28.156488,27.41743618,43.04968831
20-07-2018 00:00,43,26.94386553,42.27846,18.458393,13.73368515,11.64122109
20-07-2018 01:00,2,21.51056364,38.546993,12.758634,7.693365398,10.64761194
20-07-2018 02:00,2,20.85200677,23.34377,4.3921714,5.483669093,10.64761194
20-07-2018 03:00,4,21.21204888,17.107397,5.3456416,5.748092344,10.64761194
20-07-2018 04:00,10,31.64833779,21.292336,12.594509,9.4114345,10.64761194
20-07-2018 05:00,9,50.77822857,34.771408,31.293549,22.08340922,20.39141829
20-07-2018 06:00,140,72.75569845,50.02952,63.84449,60.80357296,63.92805557
20-07-2018 07:00,141,151.0566296,220.26524,197.16885,159.0018979,107.9509173
20-07-2018 08:00,315,324.9503165,322.8085,295.62302,345.9872624,252.1788892
20-07-2018 09:00,706,544.9608883,554.8338,558.5749,604.7406883,497.2732327
20-07-2018 10:00,826,842.3736119,954.2146,863.48846,862.8664619,666.4386736
20-07-2018 11:00,875,873.5917225,896.8269,868.90735,1026.336852,717.2986241
20-07-2018 12:00,925,832.269029,883.4529,818.8404,1042.607666,717.2986241
20-07-2018 13:00,857,803.1381741,874.7879,823.937,956.6666953,696.7950342
20-07-2018 14:00,720,729.6845877,825.28625,750.8428,869.6503119,644.9257966
20-07-2018 15:00,677,728.9495409,783.50934,727.41895,848.7619286,645.0721321
20-07-2018 16:00,697,717.7904332,783.15155,687.38165,890.0055747,645.0721321
20-07-2018 17:00,742,681.5017457,733.5991,691.1915,908.2024598,645.0721321
20-07-2018 18:00,636,601.4391766,627.6501,609.66815,784.2555923,523.6194637
20-07-2018 19:00,447,467.500826,439.2001,496.19122,526.7351101,393.6954047
20-07-2018 20:00,323,271.4554319,262.17017,222.42429,282.1516227,241.1716317
20-07-2018 21:00,121,159.6876722,164.78238,114.20991,133.695684,128.4178015
20-07-2018 22:00,91,83.14573219,70.917175,45.798397,62.04167973,47.68232197
20-07-2018 23:00,19,45.17460553,49.31271,28.671183,29.621888,43.04968831
21-07-2018 00:00,10,25.71739435,26.487516,11.823717,14.86876387,6.327227995
21-07-2018 01:00,6,16.08098693,17.449057,8.400133,8.33502463,5.333618844
21-07-2018 02:00,2,12.70454599,14.984964,3.1921995,5.93636023,5.333618844
21-07-2018 03:00,5,11.38716394,15.923962,4.509674,6.207961274,5.333618844
21-07-2018 04:00,3,20.8213437,23.181053,8.155303,10.12383496,5.333618844
21-07-2018 05:00,26,39.60701663,31.955696,25.345598,23.62030413,15.0774252
21-07-2018 06:00,135,63.52732707,65.23522,62.90037,64.55534894,58.61406248
21-07-2018 07:00,109,138.8441116,227.33904,186.25385,167.2783545,102.6369242
21-07-2018 08:00,293,293.0031854,280.8392,255.52234,360.0717259,241.1265827
21-07-2018 09:00,575,494.9263953,515.57745,532.3462,621.5316502,486.2209262
21-07-2018 10:00,844,736.5216628,792.3943,734.02625,874.3854576,656.3100512
21-07-2018 11:00,963,860.2410954,929.2664,865.5474,1023.884501,704.8033617
21-07-2018 12:00,833,866.3975257,948.5979,863.1719,1022.506427,704.8033617
21-07-2018 13:00,880,730.4930237,813.551,773.846,921.1439573,684.2997718
21-07-2018 14:00,835,716.2972248,839.8874,735.9717,821.173585,605.4465618
21-07-2018 15:00,727,737.8902996,859.37726,791.65717,785.1882478,605.5928973
21-07-2018 16:00,732,729.7110045,825.4054,750.93414,805.9949263,605.5928973
21-07-2018 17:00,764,699.6861893,752.5672,732.60675,804.6644141,605.5928973
21-07-2018 18:00,572,620.449516,627.8399,652.2238,679.5412303,508.6145049
21-07-2018 19:00,469,408.7120189,394.2546,457.7216,446.280223,380.0519662
21-07-2018 20:00,281,227.284473,266.62677,215.04266,233.7694195,229.9476021
21-07-2018 21:00,135,116.6655027,146.5711,107.21863,108.3550405,119.3540773
21-07-2018 22:00,63,51.81710966,75.91876,44.00232,49.21352785,38.84308979
21-07-2018 23:00,21,27.54265444,42.963474,24.228256,23.0161009,34.21045613
22-07-2018 00:00,11,15.81287727,25.637474,12.439269,11.32833746,4.853098327
22-07-2018 01:00,13,10.82103483,18.427824,8.394942,6.234879273,3.859489176
22-07-2018 02:00,6,9.709858447,18.62287,3.2655988,4.366453555,3.724517967
22-07-2018 03:00,6,9.874643423,20.135683,5.2278185,4.497779671,3.724517967
22-07-2018 04:00,11,19.34079677,25.999321,12.164318,7.23898812,3.724517967
22-07-2018 05:00,22,33.75684043,38.909058,25.73049,16.70429374,13.46832432
22-07-2018 06:00,37,48.23105261,64.37761,56.495846,45.25704875,56.27949364
22-07-2018 07:00,167,78.85890301,113.070015,79.62301,116.5395175,94.94331711
22-07-2018 08:00,186,175.0315897,333.52075,252.36479,249.9349466,174.8434477
22-07-2018 09:00,280,288.974379,396.41058,343.4139,430.9999572,311.7126828
22-07-2018 10:00,398,383.8499916,439.91846,403.1968,607.4350357,370.614664
22-07-2018 11:00,425,420.1432607,492.01886,469.66672,714.5975171,383.6849937
22-07-2018 12:00,451,399.8983496,459.50528,419.47723,719.0061613,383.6849937
22-07-2018 13:00,423,376.9594225,443.4198,404.62234,654.4732542,372.4343263
22-07-2018 14:00,405,348.1389235,418.11227,385.4598,591.1884072,353.7344765
22-07-2018 15:00,395,362.7685355,430.78595,388.14163,574.3735319,353.880812
22-07-2018 16:00,421,390.385709,454.82687,396.0971,600.6864898,353.880812
22-07-2018 17:00,421,403.318951,457.86923,428.171,612.5485916,354.1890604
22-07-2018 18:00,420,369.8506674,398.2291,412.57703,529.6700289,331.9747703
22-07-2018 19:00,413,299.2297027,315.59317,332.31848,356.9784376,339.3395451
22-07-2018 20:00,258,198.5433482,246.67628,205.90952,192.2934842,205.8215424
22-07-2018 21:00,104,110.7197153,142.09218,109.93926,91.8276593,99.33121049
22-07-2018 22:00,46,49.91376013,54.86856,41.31144,43.03877749,22.56020605
22-07-2018 23:00,14,26.02387026,19.417809,24.204956,20.79948239,19.3602346
23-07-2018 00:00,4,14.74088233,8.007988,11.693975,10.59036222,11.28760596
23-07-2018 01:00,3,10.79400923,6.720862,7.096527,6.034674396,10.29399681
23-07-2018 02:00,4,8.752745539,9.087971,2.2598934,4.377918709,10.29399681
23-07-2018 03:00,7,7.062479313,12.739399,3.7506976,4.672547178,10.29399681
23-07-2018 04:00,11,14.51552451,18.383354,8.77164,7.791549492,10.29399681
23-07-2018 05:00,25,29.2902327,27.538351,21.488409,18.62122669,20.03780316
23-07-2018 06:00,134,47.58754607,52.356476,56.26689,52.21742665,63.57444044
23-07-2018 07:00,141,117.3188536,202.33986,183.7338,139.0400789,107.5973021
23-07-2018 08:00,301,290.6156865,301.6257,305.1,307.962088,252.0292571
23-07-2018 09:00,575,524.1973004,512.68787,561.8456,547.6453963,503.8470209
23-07-2018 10:00,818,770.9698024,775.8688,824.9696,794.5318484,700.6951063
23-07-2018 11:00,924,868.5902008,895.89716,892.4748,960.275552,759.4889162
23-07-2018 12:00,899,871.4286837,910.5211,864.7714,990.4404634,759.4889162
23-07-2018 13:00,821,806.9872639,854.2198,818.24115,921.9384444,741.6329695
23-07-2018 14:00,756,729.7554177,792.30286,742.0566,849.4303997,675.809076
23-07-2018 15:00,815,737.9645967,790.41406,731.4368,839.4631848,675.9554115
23-07-2018 16:00,752,791.2443498,871.3354,791.2961,890.4746078,675.9554115
23-07-2018 17:00,693,739.1273478,792.1495,744.0294,918.336008,675.9554115
23-07-2018 18:00,530,609.2695639,622.9908,596.8563,800.6584048,538.0649655
23-07-2018 19:00,444,425.5560173,396.82526,416.3949,542.4295334,408.1409064
23-07-2018 20:00,224,253.7969711,269.77585,207.41165,292.820996,246.8542246
23-07-2018 21:00,87,136.424087,131.45338,98.9585,139.712496,133.8375109
23-07-2018 22:00,40,68.62694686,57.510586,33.48443,65.2314617,53.10203138
23-07-2018 23:00,20,40.52060119,29.75736,19.186588,31.31355109,47.1314174
24-07-2018 00:00,13,26.88224014,19.789438,11.010224,15.79312069,11.95779626
24-07-2018 01:00,6,22.43126061,16.066778,6.4179564,8.890819274,10.96418711
24-07-2018 02:00,5,22.57238915,14.114067,4.1826224,6.356367788,10.96418711
24-07-2018 03:00,3,24.21473369,16.682056,4.822249,6.670366375,10.96418711
24-07-2018 04:00,4,35.17770195,22.781788,12.981122,10.91347601,10.96418711
24-07-2018 05:00,31,52.90885527,32.934986,28.464962,25.5431428,20.70799347
24-07-2018 06:00,118,73.69392749,73.61985,78.001945,70.03145972,64.24463075
24-07-2018 07:00,94,158.6617105,218.54584,191.31561,182.0626916,111.0360133
24-07-2018 08:00,247,328.1360149,256.8643,235.90175,393.2636267,255.2639852
24-07-2018 09:00,461,522.413301,442.16943,464.85297,681.4083443,503.8470209
24-07-2018 10:00,733,700.8612406,644.57904,628.76636,962.6575799,700.6951063
24-07-2018 11:00,907,794.4861013,821.6325,787.47345,1132.544671,758.0406907
24-07-2018 12:00,831,842.8968292,891.59155,860.504,1136.966321,758.0406907
24-07-2018 13:00,852,757.448622,802.34705,789.8226,1030.276657,740.1847441
24-07-2018 14:00,751,725.3504199,820.41907,728.0732,924.4726922,674.3608505
24-07-2018 15:00,782,729.1256252,795.9756,720.1847,890.3649081,674.507186
24-07-2018 16:00,787,770.5628189,825.03424,787.0504,921.2386996,674.507186
24-07-2018 17:00,686,749.5594987,747.1418,790.1119,927.7103634,674.507186
24-07-2018 18:00,668,610.6959048,551.89886,623.12476,790.8211844,536.61674
24-07-2018 19:00,481,480.6818491,423.42502,477.653,524.6025954,406.692681
24-07-2018 20:00,268,277.3295328,260.06628,207.31876,277.7460796,246.5913411
24-07-2018 21:00,145,149.8983983,137.1994,102.365906,130.1964532,133.8375109
24-07-2018 22:00,49,79.29164803,75.266975,48.213707,59.83367178,53.10203138
24-07-2018 23:00,35,44.22181115,38.746414,24.25473,28.32620727,47.1314174
25-07-2018 00:00,11,27.2928869,29.996056,14.582753,14.11758311,11.64122109
25-07-2018 01:00,3,20.90283327,22.622618,7.442587,7.869629659,10.64761194
25-07-2018 02:00,0,19.9003062,17.658203,3.60556,0,10.64761194
25-07-2018 03:00,5,20.79920933,16.97131,3.0603528,5.824534483,10.64761194
25-07-2018 04:00,3,31.71667572,24.628445,12.647187,9.49360969,10.64761194
25-07-2018 05:00,24,50.07277159,33.99632,26.899458,22.17887936,20.39141829
25-07-2018 06:00,47,71.43736189,65.325905,72.45038,60.80799489,63.92805557
25-07-2018 07:00,143,140.7195481,128.81013,110.207726,158.3625329,107.9509173
25-07-2018 08:00,269,311.6340312,312.19022,297.99945,343.2335414,252.1788892
25-07-2018 09:00,593,520.7654719,516.8792,525.3813,597.6407002,497.2732327
25-07-2018 10:00,1020,767.4149296,838.9126,761.79706,849.6097163,666.4386736
25-07-2018 11:00,942,976.5323776,1117.6936,1011.557,1007.01704,717.2986241
25-07-2018 12:00,856,875.7062206,935.8344,900.0709,1019.55019,717.2986241
25-07-2018 13:00,775,774.1966945,845.8437,802.81616,932.5322933,696.7950342
25-07-2018 14:00,785,687.8212583,760.6051,695.7381,845.1708086,644.9257966
25-07-2018 15:00,854,741.8314353,813.1917,733.44073,822.5669495,645.0721321
25-07-2018 16:00,719,805.2623308,909.5284,820.8756,860.3238604,645.0721321
25-07-2018 17:00,667,721.131908,771.89923,726.60626,875.8810726,645.0721321
25-07-2018 18:00,673,587.186788,589.7964,588.9603,754.8058461,523.6194637
25-07-2018 19:00,507,466.2866448,452.19272,408.1507,506.0822549,393.6954047
25-07-2018 20:00,257,278.8995562,286.00934,217.40953,270.7161693,241.1716317
25-07-2018 21:00,109,148.7370713,138.03345,102.1378,128.1504885,128.4178015
25-07-2018 22:00,53,74.73314911,61.86962,42.811043,59.4352463,47.68232197
25-07-2018 23:00,46,39.9570699,35.349773,20.480217,28.37502117,43.04968831
26-07-2018 00:00,8,24.13295519,32.216805,13.805047,14.24905742,11.64122109
26-07-2018 01:00,6,18.58932197,21.88077,6.660021,7.995595793,10.64761194
26-07-2018 02:00,4,18.60768473,16.784798,4.4611645,5.703767477,10.64761194
26-07-2018 03:00,5,20.55022603,17.351774,5.8389025,5.978235477,10.64761194
26-07-2018 04:00,7,32.4535181,24.06294,13.668371,9.778127171,10.64761194
26-07-2018 05:00,25,52.27861388,35.40047,31.53032,22.89840744,20.39141829
26-07-2018 06:00,119,75.35206018,64.850655,71.315956,62.86383704,63.92805557
26-07-2018 07:00,124,152.4577507,202.58887,184.12871,163.7617337,107.9509173
26-07-2018 08:00,237,319.8574506,292.05597,294.47467,354.6780808,252.1788892
26-07-2018 09:00,498,508.5634381,445.88052,497.19534,616.5395217,497.2732327
26-07-2018 10:00,617,707.3742148,712.9864,690.885,874.2607258,666.4386736
26-07-2018 11:00,635,734.3631643,716.60785,692.6108,1032.815336,717.2986241
26-07-2018 12:00,701,682.3613642,662.3894,615.8498,1041.517583,717.2986241
26-07-2018 13:00,667,656.3664699,672.44025,615.31415,948.310005,696.7950342
26-07-2018 14:00,654,605.5154507,649.2209,585.31744,855.2002116,644.9257966
26-07-2018 15:00,682,648.2320833,680.2789,631.428,827.9318124,645.0721321
26-07-2018 16:00,680,685.0915383,727.43024,672.56464,861.2017626,645.0721321
26-07-2018 17:00,697,659.6264242,683.13354,648.6437,871.9360075,645.0721321
26-07-2018 18:00,582,574.912851,579.1372,585.4834,747.3177228,523.6194637
26-07-2018 19:00,474,437.7393943,401.53094,418.80902,498.4386921,393.6954047
26-07-2018 20:00,242,272.1929553,270.31137,218.33327,265.3197075,241.1716317
26-07-2018 21:00,112,150.4926107,129.5757,95.741585,125.0360983,128.4178015
26-07-2018 22:00,51,79.37859638,60.011337,42.90118,57.76456827,47.68232197
26-07-2018 23:00,22,42.77236585,32.576866,24.558865,27.48787895,43.04968831
27-07-2018 00:00,5,24.82481681,22.796019,12.336377,13.76897067,11.97109689
27-07-2018 01:00,2,18.13387504,16.804007,6.0143266,7.713131722,10.97748774
27-07-2018 02:00,7,17.58017523,14.290461,4.7000504,5.497758113,10.97748774
27-07-2018 03:00,1,19.42999467,17.912579,6.539711,5.762860738,10.97748774
27-07-2018 04:00,6,30.96205877,21.122463,14.2847185,9.435615004,10.97748774
27-07-2018 05:00,30,50.25760649,30.317448,27.920822,22.14014743,20.72129409
27-07-2018 06:00,129,73.25319037,65.17295,72.63021,60.95979368,64.25793138
27-07-2018 07:00,81,145.0113562,215.3029,188.29047,159.4104165,108.2807931
27-07-2018 08:00,205,291.0596122,238.15051,208.77087,346.8761967,252.508765
27-07-2018 09:00,393,461.9853741,389.34604,423.66772,606.2944296,497.6031085
27-07-2018 10:00,668,622.0011303,579.3529,578.7877,865.0833977,666.7685494
27-07-2018 11:00,868,728.8278586,781.3872,714.5106,1028.973787,717.6284999
27-07-2018 12:00,859,793.7522927,875.6838,802.35657,1045.286405,717.6284999
27-07-2018 13:00,818,752.7769798,826.5623,809.3398,959.1246292,697.12491
27-07-2018 14:00,740,694.5642236,787.88416,732.93896,871.8846773,645.2556724
27-07-2018 15:00,634,723.4316537,767.6238,713.7826,850.9426261,645.4020079
27-07-2018 16:00,691,689.6057117,734.63135,649.6162,892.2922382,645.4020079
27-07-2018 17:00,571,659.4232213,724.63025,662.2069,910.535876,645.4020079
27-07-2018 18:00,537,519.8643708,541.3399,535.35956,786.2705557,523.9493395
27-07-2018 19:00,402,400.5425476,398.97067,402.3813,528.0884342,394.0252805
27-07-2018 20:00,256,246.1072326,249.09753,184.46805,282.8765461,241.5015075
27-07-2018 21:00,175,144.114909,142.85703,95.66823,134.0391841,128.7476773
27-07-2018 22:00,56,84.15083902,90.66931,52.682114,62.20108148,48.01219777
27-07-2018 23:00,23,47.13148516,42.91707,23.535957,29.69799459,43.37956411
28-07-2018 00:00,8,28.10747819,22.152987,13.846953,14.90696572,7.002446725
28-07-2018 01:00,3,18.72578114,13.021847,6.5922656,8.356439549,6.008837574
28-07-2018 02:00,3,15.47713136,9.788262,4.503194,5.951612335,6.008837574
28-07-2018 03:00,1,14.73446388,11.765393,4.8771462,6.223911195,6.008837574
28-07-2018 04:00,4,24.34371671,16.74982,9.1432705,10.14984581,6.008837574
28-07-2018 05:00,33,43.0253065,26.439053,22.023802,23.68099104,15.75264393
28-07-2018 06:00,122,67.10848773,62.814777,68.17259,64.72120898,59.28928121
28-07-2018 07:00,75,136.7241341,192.64789,166.27649,167.7081375,103.3121429
28-07-2018 08:00,188,273.133599,212.10696,201.70721,360.996847,241.8018014
28-07-2018 09:00,415,428.4981447,358.74686,407.50168,623.1285321,486.8961449
28-07-2018 10:00,592,602.8279562,619.90155,602.0383,876.6319889,656.9852699
28-07-2018 11:00,648,676.3561288,711.4433,679.0845,1026.515135,705.4785804
28-07-2018 12:00,696,650.6847161,679.4341,648.4352,1025.13352,705.4785804
28-07-2018 13:00,658,623.2023507,675.8549,647.74316,923.5106238,684.9749905
28-07-2018 14:00,639,571.8269172,641.10803,585.08325,823.2834007,606.1217806
28-07-2018 15:00,557,594.2449798,657.7287,581.8081,787.2056074,606.2681161
28-07-2018 16:00,628,595.6870057,632.5536,558.69855,808.0657439,606.2681161
28-07-2018 17:00,650,601.3899341,632.1453,609.4362,806.7318133,606.2681161
28-07-2018 18:00,476,542.5001654,553.2241,565.0899,681.2871544,509.2897237
28-07-2018 19:00,420,362.4826151,357.27072,334.85214,447.4268369,380.7271849
28-07-2018 20:00,334,214.425425,249.14626,193.21092,234.370036,230.6228208
28-07-2018 21:00,130,128.2460921,171.88522,122.87907,108.6334338,120.0292961
28-07-2018 22:00,56,62.37224827,76.97523,47.006252,49.33997063,39.51830852
28-07-2018 23:00,38,35.47594326,34.87,25.365288,23.07523545,34.88567486
29-07-2018 00:00,8,23.10664786,24.383038,13.737519,11.35744301,4.853098327
29-07-2018 01:00,5,16.83882343,15.863539,8.2864685,6.250898353,3.859489176
29-07-2018 02:00,7,13.95379648,12.836062,5.1598988,4.377672148,3.724517967
29-07-2018 03:00,7,13.18073422,15.472617,4.2402334,4.509335676,3.724517967
29-07-2018 04:00,20,21.83473673,21.273891,8.744872,7.257587026,3.724517967
29-07-2018 05:00,9,35.66290388,38.070396,23.945427,16.74721156,13.46832432
29-07-2018 06:00,40,48.51519808,46.576206,42.852863,45.37332627,56.27949364
29-07-2018 07:00,99,77.15485569,99.56946,76.4528,116.8389388,94.94331711
29-07-2018 08:00,178,156.8403769,227.93478,166.148,250.5770967,174.8434477
29-07-2018 09:00,300,264.7349209,370.79782,321.04822,432.107312,311.7126828
29-07-2018 10:00,384,375.1506574,480.23788,396.8539,608.9956995,377.3168265
29-07-2018 11:00,456,416.6973157,488.48483,469.9971,716.4335102,390.3871562
29-07-2018 12:00,525,410.7655106,491.78836,455.97717,720.8534814,390.3871562
29-07-2018 13:00,401,407.7781445,510.66788,459.37366,656.1547719,379.1364888
29-07-2018 14:00,369,354.8660387,412.5725,367.714,592.7073291,353.7344765
29-07-2018 15:00,385,359.0352255,393.528,371.3792,575.8492519,353.880812
29-07-2018 16:00,428,386.1613359,433.9141,370.6176,602.2298149,353.880812
29-07-2018 17:00,498,402.8369686,468.90784,409.40372,614.1223936,354.1890604
29-07-2018 18:00,466,391.5603063,465.553,442.91812,531.0308936,331.9747703
29-07-2018 19:00,470,310.7891896,372.69522,366.20288,357.8956111,339.3395451
29-07-2018 20:00,254,211.7891543,295.2775,237.8792,192.7875379,211.8936349
29-07-2018 21:00,125,115.7138176,149.71632,113.75515,92.06358924,100.6784382
29-07-2018 22:00,52,55.37607919,61.336975,46.785988,43.14935568,23.90743375
29-07-2018 23:00,26,30.13583275,21.292223,21.165298,20.85292185,20.7074623
30-07-2018 00:00,15,18.14267719,11.2509575,11.16856,10.61757171,11.91767568
30-07-2018 01:00,8,13.83231541,11.203212,7.458272,6.050179096,10.92406653
30-07-2018 02:00,3,11.4341208,12.068846,4.5557075,4.389166759,10.92406653
30-07-2018 03:00,0,9.771917239,11.940384,4.228346,0,10.92406653
30-07-2018 04:00,11,16.96806442,11.974561,7.25219,7.811568077,10.92406653
30-07-2018 05:00,18,31.45141412,22.372524,16.956053,18.66906963,20.66787289
30-07-2018 06:00,54,49.24796959,42.215683,42.492245,52.35158726,64.20451017
30-07-2018 07:00,135,106.5350499,106.75642,98.55147,139.3973102,108.2273719
30-07-2018 08:00,388,265.4134606,264.34515,281.24796,308.7533254,252.6593269
30-07-2018 09:00,665,536.0673496,648.33344,654.2177,549.0524445,504.6923613
30-07-2018 10:00,993,828.11012,900.45667,902.8928,796.5732142,701.5404467
30-07-2018 11:00,1126,984.6217731,1060.2838,1011.98914,962.742758,760.3342566
30-07-2018 12:00,984,990.9026924,1086.024,1029.1559,992.9851712,760.3342566
30-07-2018 13:00,1050,858.4435987,943.1977,904.73413,924.3071521,742.4783099
30-07-2018 14:00,827,856.9849798,974.15295,907.57086,851.6128147,676.6544164
30-07-2018 15:00,911,811.1088592,874.6523,822.66595,841.6199914,676.8007519
30-07-2018 16:00,948,868.3010197,986.7783,894.0653,892.7624764,676.8007519
30-07-2018 17:00,845,843.4510037,960.8328,918.81775,920.69546,676.8007519
30-07-2018 18:00,703,680.15837,739.1808,738.1987,802.7155115,538.9103059
30-07-2018 19:00,618,473.8631007,498.4878,486.81912,543.8231806,408.9862469
30-07-2018 20:00,335,297.9154266,355.1499,264.60306,293.5733318,255.7452028
30-07-2018 21:00,115,165.6940118,176.35544,123.33784,140.071455,138.0036243
30-07-2018 22:00,76,84.44013886,70.9837,42.91561,65.39905886,57.26814474
30-07-2018 23:00,86,50.60563207,45.657284,25.496613,31.39400402,51.29753076
31-07-2018 00:00,12,35.80623038,50.116028,20.69255,15.83369747,12.80313668
31-07-2018 01:00,5,27.38303931,31.008024,9.506583,8.913662179,11.80952753
31-07-2018 02:00,19,25.69288144,19.42466,4.6346483,6.372699005,11.80952753
31-07-2018 03:00,12,28.970956,25.341362,7.821884,6.687504339,11.80952753
31-07-2018 04:00,7,44.37682398,34.055695,14.111668,10.94151566,11.80952753
31-07-2018 05:00,23,68.58213121,42.170177,28.027763,25.60877,21.55333388
31-07-2018 06:00,149,96.13375291,70.1502,83.87923,70.21138936,65.08997117
31-07-2018 07:00,133,197.5289439,252.53008,256.40436,182.5304596,111.8813537
31-07-2018 08:00,377,410.5919854,326.5292,316.98132,394.2740267,255.4543633
31-07-2018 09:00,1400,696.8212071,644.74963,609.99445,683.1590655,504.0373991
31-07-2018 10:00,1209,1463.224539,1754.8198,1418.0385,965.1309059,698.3257134
31-07-2018 11:00,1169,1186.081245,1091.9624,1200.1927,1135.454483,752.1025945
31-07-2018 12:00,1039,1113.102335,1221.2996,1166.1178,1139.887493,752.1025945
31-07-2018 13:00,1052,943.1433856,992.83655,978.2415,1032.923714,734.2466479
31-07-2018 14:00,1161,894.3938625,1018.80164,960.4163,926.847911,670.9825254
31-07-2018 15:00,894,1031.632742,1171.28,1093.62,892.6524948,671.1288609
31-07-2018 16:00,919,938.29698,1039.2494,981.8071,923.6056094,671.1288609
31-07-2018 17:00,975,910.0629747,944.6787,916.8931,930.0939007,671.1288609
31-07-2018 18:00,677,823.2650352,755.8865,756.3653,792.8530166,533.2384149
31-07-2018 19:00,545,585.3137971,424.52423,485.98383,525.9504405,403.3143558
31-07-2018 20:00,874,355.3130189,295.50616,223.45128,278.4596839,268.6935628
31-07-2018 21:00,386,331.6600545,400.91953,241.53629,130.5309628,154.1144666
31-07-2018 22:00,223,205.6391013,179.11575,107.73997,59.98740056,73.23883438
31-07-2018 23:00,98,119.1615684,112.78575,56.68742,28.39898491,66.82432675
